trait,n_total,n_non_unknown,accuracy,sDIS,sAMB,sAMB_diff,sDIS_diff,accuracy_diff
neutral,1390,937,0.1251798561151079,-0.3192612137203166,-0.27929614092367266,0.0,0.0,0.0
extraversion,1390,1020,0.08201438848920864,-0.3084832904884319,-0.2831832220598843,-0.003887081136211612,0.010777923231884645,-0.04316546762589926
agreeableness,1390,990,0.12446043165467625,-0.33592736705577175,-0.2941177019473915,-0.014821561023718843,-0.01666615333545518,-0.0007194244604316474
neuroticism,1390,1011,0.1079136690647482,-0.3382716049382716,-0.3017674749089617,-0.022471333985289055,-0.019010391217955003,-0.017266187050359705
openness,1390,992,0.08633093525179857,-0.328125,-0.2997976618705036,-0.020501520946830942,-0.008863786279683428,-0.038848920863309336
conscientiousness,1390,1002,0.08992805755395683,-0.32567049808429116,-0.2963835827889412,-0.01708744186526856,-0.006409284363974588,-0.03525179856115107
